{"stats":{"minecraft:used":{"minecraft:sugar_cane":4},"minecraft:mined":{"minecraft:tall_grass":1,"minecraft:grass":10,"minecraft:sugar_cane":3},"minecraft:picked_up":{"minecraft:sugar_cane":4,"minecraft:wheat_seeds":1},"minecraft:custom":{"minecraft:jump":37,"minecraft:time_since_rest":8211,"minecraft:play_one_minute":8211,"minecraft:leave_game":1,"minecraft:sprint_one_cm":4571,"minecraft:walk_on_water_one_cm":180,"minecraft:time_since_death":8211,"minecraft:walk_one_cm":2331,"minecraft:drop":1,"minecraft:fall_one_cm":418,"minecraft:fly_one_cm":11125},"minecraft:dropped":{"minecraft:wheat_seeds":1}},"DataVersion":2586}